ID,Name,Texture_0,Texture_1,Texture_2,Texture_3,Texture_4,Texture_5,Flags,SoundBank,SoundID,SpellID,MaxDarkenDepth,FogDarkenIntensity,AmbDarkenIntensity,DirDarkenIntensity,LightID,ParticleScale,ParticleMovement,ParticleTexSlots,MaterialID,MinimapStaticCol,FrameCountTexture_0,FrameCountTexture_1,FrameCountTexture_2,FrameCountTexture_3,FrameCountTexture_4,FrameCountTexture_5,Color_0,Color_1,Float_0,Float_1,Float_2,Float_3,Float_4,Float_5,Float_6,Float_7,Float_8,Float_9,Float_10,Float_11,Float_12,Float_13,Float_14,Float_15,Float_16,Float_17,Int_0,Int_1,Int_2,Int_3,Coefficient_0,Coefficient_1,Coefficient_2,Coefficient_3
1,Water,XTextures\river\lake_a.%d.blp,proceduralRiverDepthTex,XTextures\ocean\newoceanbump.blp,XTextures\foam\waterchop7bw.blp,,,15,0,1111,0,0,0,0,0,0,1,0,0,1,-1626169131,30,1,1,1,1,1,0,0,1,0,1,1,2.5,90,1,0.5,0.5,0.20000000298,0.69999998808,0.20000000298,0.10000000149,1,0.5,2.5,0,0,0,1250,0,0,0,0,0,0
2,Ocean,XTextures\ocean\ocean_h.%d.blp,proceduralOceanDepthTex,XTextures\ocean\newoceanbump.blp,XTextures\foam\waterchop7bw.blp,,,1039,1,1114,0,30,0.5,0.5,0.25,0,1,0,0,1,-1626169131,30,1,1,1,1,1,0,0,1,0,1,1,2.5,90,0.69999998808,1,0.25,0.20000000298,0.69999998808,0.20000000298,0.10000000149,1,1,2,0,0,1,1250,1,0,-0.00321388245,1.01156616211,0.00262451172,0.00970458984
3,Magma,XTextures\lava\lava.%d.blp,XTextures\lava\Magma0,XTextures\lava\Magma1,XTextures\lava\Magma2,,,120,2,3072,0,0,0,0,0,7,4,1,1,2,-3119104,30,1,1,1,1,1,0,0,0.02500000037,0,0.02500000037,0,0.55000001192,0.44999998808,0.34999999404,0,0,0,1,0.05000000075,0,0,0,0,0,0,0,0,16737792,0,0,0,0,0
4,Slime,XTextures\slime\slime.%d.blp,XTextures\slime\Slime0,XTextures\slime\Slime1,XTextures\slime\Slime2,,,322,3,3880,0,0,0,0,0,6,0,0,0,2,-11879876,30,1,1,1,1,1,0,0,0.02500000037,0,0.02500000037,0,0.55000001192,0.44999998808,0.34999999404,0,0,0,1,0.05000000075,0,0,0,0,0,0,0,0,16737792,0,0,0,0,0
5,"Slow Water",XTextures\river\lake_a.%d.blp,proceduralRiverDepthTex,XTextures\ocean\newoceanbump.blp,XTextures\foam\waterchop7bw.blp,,,15,0,1112,0,0,0,0,0,0,1,0,0,1,-1626169131,30,1,1,1,1,1,0,0,1,0,1,1,2.5,90,0.69999998808,0.5,0.5,0.20000000298,0.5,0.20000000298,0.10000000149,1,0.69999998808,2.5,0,0,0,1250,0,0,-0.00321388245,1.01156616211,0.00262451172,0.00970458984
6,"Slow Ocean",XTextures\ocean\ocean_h.%d.blp,proceduralOceanDepthTex,XTextures\ocean\newoceanbump.blp,XTextures\foam\waterchop7bw.blp,,,1039,1,1114,0,30,0.5,0.5,0.25,0,1,0,0,1,-1626169131,30,1,1,1,1,1,0,0,1,0,1,1,2.5,0,0.5,1,0.25,0.20000000298,0.69999998808,0.20000000298,0.10000000149,1,1,2,0,0,1,1250,0,0,-0.00321388245,1.01156616211,0.00262451172,0.00970458984
7,"Slow Magma",XTextures\lava\lava.%d.blp,XTextures\lava\Magma0,XTextures\lava\Magma1,XTextures\lava\Magma2,,,120,2,3052,0,0,0,0,0,7,4,1,1,2,-3119104,30,1,1,1,1,1,0,0,0.02500000037,0,0.02500000037,0,0.55000001192,0.44999998808,0.34999999404,0,0,0,1,0.01999999955,0,0,0,0,0,0,0,0,16737792,0,0,0,0,0
8,"Slow Slime",XTextures\slime\slime.%d.blp,XTextures\slime\Slime0,XTextures\slime\Slime1,XTextures\slime\Slime2,,,322,3,3880,0,0,0,0,0,6,0,0,0,2,-11879876,30,1,1,1,1,1,0,0,0.02500000037,0,0.02500000037,0,0.55000001192,0.44999998808,0.34999999404,0,0,0,1,0.05000000075,0,0,0,0,0,0,0,0,16737792,0,0,0,0,0
9,"Fast Water",XTextures\river\fast_a.%d.blp,proceduralRiverDepthTex,XTextures\ocean\newoceanbump.blp,XTextures\foam\waterchop7bw.blp,,,15,0,1113,0,0,0,0,0,0,1,0,0,1,-1626169131,16,1,1,1,1,1,0,0,1,0,1,1,2.5,90,0.5,0.5,0.5,0.20000000298,0.69999998808,0.20000000298,0.10000000149,1,0.5,2.5,0,0,0,1250,0,0,0,0,0,0
10,"Fast Ocean",XTextures\ocean\ocean_h.%d.blp,proceduralOceanDepthTex,XTextures\ocean\newoceanbump.blp,XTextures\foam\waterchop7bw.blp,,,1039,1,1114,0,30,0.5,0.5,0.25,0,1,0,0,1,-1626169131,30,1,1,1,1,1,0,0,1,0,1,1,2.5,0,0.5,1,0.25,0.20000000298,0.69999998808,0.20000000298,0.10000000149,1,1,2,0,0,1,1250,0,0,-0.00321388245,1.01156616211,0.00262451172,0.00970458984
11,"Fast Magma",XTextures\lava\lava.%d.blp,XTextures\lava\Magma0,XTextures\lava\Magma1,XTextures\lava\Magma2,,,120,2,3052,0,0,0,0,0,7,4,1,1,2,-3119104,30,1,1,1,1,1,0,0,0.02500000037,0,0.02500000037,0,0.55000001192,0.44999998808,0.34999999404,0,0,0,1,0.05000000075,0,0,0,0,0,0,0,0,16737792,0,0,0,0,0
12,"Fast Slime",XTextures\slime\slime.%d.blp,XTextures\slime\Slime0,XTextures\slime\Slime1,XTextures\slime\Slime2,,,322,3,3880,0,0,0,0,0,6,0,0,0,2,-11879876,30,1,1,1,1,1,0,0,0.02500000037,0,0.02500000037,0,0.55000001192,0.44999998808,0.34999999404,0,0,0,1,0.05000000075,0,0,0,0,0,0,0,0,16737792,0,0,0,0,0
13,"WMO Water",XTextures\river\lake_a.%d.blp,proceduralWmoWaterTex,XTextures\ocean\newoceanbump.blp,XTextures\foam\waterchop7bw.blp,,,15,0,1111,0,0,0,0,0,0,1,0,0,1,-1626169131,30,1,1,1,1,1,0,0,1,0,1,0.25,0.5,270,0.5,1,1,0.20000000298,0.69999998808,0.20000000298,0.10000000149,1,0.69999998808,1,0,0,1,1250,0,0,0,0,0,0
14,"WMO Ocean",XTextures\ocean\ocean_h.%d.blp,proceduralOceanDepthTex,XTextures\ocean\newoceanbump.blp,XTextures\foam\waterchop7bw.blp,,,1551,1,1114,0,30,0.5,0.5,0.25,0,1,0,0,1,-1626169131,30,1,1,1,1,1,0,0,0.25,180,1,0.25,0.625,270,0.5,1,0.25,0.20000000298,0.69999998808,0.20000000298,0.10000000149,1,1,2,0,0,1,1250,0,0,-0.00321388245,1.01156616211,0.00262451172,0.00970458984
15,"Green Lava",XTextures\LavaGreen\lavagreen.%d.blp,XTextures\GreenLava\LavaGreen0,XTextures\GreenLava\LavaGreen1,XTextures\GreenLava\LavaGreen2,,,120,2,3072,0,0,0,0,0,6,4,1,1,2,-1620520960,30,1,1,1,1,1,0,0,0.02500000037,0,0.15000000596,0,2.5,1.5,1.29999995232,0,0,0,1,0.00999999978,0,0,0,0,0,0,0,0,6867968,0,0,0,0,0
17,"WMO Water - Interior",XTextures\river\lake_a.%d.blp,proceduralWmoWaterTex,XTextures\ocean\newoceanbump.blp,XTextures\foam\waterchop7bw.blp,,,15,0,1111,0,0,0,0,0,0,1,0,0,1,-1626169131,30,1,1,1,1,1,0,0,1,0,1,0.25,0.5,270,1,0.5,0.5,0.20000000298,0.69999998808,0.20000000298,0.10000000149,1,0.5,1,0,0,1,1250,0,0,0,0,0,0
19,"WMO Magma",XTextures\lava\lava.%d.blp,XTextures\lava\Magma0,XTextures\lava\Magma1,XTextures\lava\Magma2,,,120,2,3072,0,0,0,0,0,7,4,1,1,2,-3119104,30,1,1,1,1,1,0,0,0.02500000037,0.10000000149,0.10000000149,270,2.20000004768,1.79999995232,1.39999997616,270,270,270,1,0.01999999955,0,0,0,0,0,0,0,0,16737792,0,0,0,0,0
20,"WMO Slime",XTextures\slime\slime.%d.blp,XTextures\slime\Slime0,XTextures\slime\Slime1,XTextures\slime\Slime2,,,322,3,3880,0,0,0,0,0,6,0,0,0,2,-11879876,30,1,1,1,1,1,0,0,0.02500000037,0.10000000149,0.10000000149,270,2.20000004768,1.79999995232,1.39999997616,270,270,270,0,0.02999999933,0,0,0,0,0,0,0,0,0,0,0,0,0,0
21,"Naxxramas - Slime",XTextures\slime\slime.%d.blp,XTextures\slime\Slime0,XTextures\slime\Slime1,XTextures\slime\Slime2,,,322,3,3880,28801,0,0,0,0,6,0,0,0,2,-11879876,30,1,1,1,1,1,0,0,0.02500000037,0,0.02500000037,0,0.55000001192,0.44999998808,0.34999999404,0,0,0,1,0.05000000075,0,0,0,0,0,0,0,0,16737792,0,0,0,0,0
41,"Coilfang Raid - Water",XTextures\river\lake_a.%d.blp,proceduralRiverDepthTex,XTextures\ocean\newoceanbump.blp,XTextures\foam\waterchop7bw.blp,,,15,0,1111,37025,0,0,0,0,0,1,0,0,1,-1626169131,30,1,1,1,1,1,0,0,1,0,1,0.25,0.5,270,1,0.5,0.5,0.20000000298,0.69999998808,0.20000000298,0.10000000149,1,0.5,2.5,0,0,0,1250,0,0,0,0,0,0
61,"Hyjal Past - Water",XTextures\river\lake_a.%d.blp,proceduralRiverDepthTex,XTextures\ocean\newoceanbump.blp,XTextures\foam\waterchop7bw.blp,,,15,0,1111,42201,0,0,0,0,0,1,0,0,1,-1626169131,30,1,1,1,1,1,0,0,1,0,1,1,2.5,90,1,0.5,0.5,0.20000000298,0.69999998808,0.20000000298,0.10000000149,1,0.5,2.5,0,0,0,1250,0,0,0,0,0,0
81,"Lake Wintergrasp - Water",XTextures\river\lake_a.%d.blp,proceduralRiverDepthTex,XTextures\ocean\newoceanbump.blp,XTextures\foam\waterchop7bw.blp,,,15,0,1112,36444,0,0,0,0,0,1,0,0,1,-1626169131,30,1,1,1,1,1,0,0,1,0,1,1,2.5,90,1,0.5,0.5,0.20000000298,0.69999998808,0.20000000298,0.10000000149,1,0.5,2.5,0,0,0,1250,0,0,0,0,0,0
100,"Basic Procedural Water",,proceduralOceanDepthTex,XTextures\ocean\oceanbump.blp,XTextures\foam\waterchop7bw.blp,,,15,1,1114,0,30,0.5,0.5,0.25,0,1,0,0,3,-1626169131,1,1,1,1,1,1,0,0,1,0,1,0.10000000149,0.5,0,1,1,0.5,0,0,300,0.33300000429,0.20000000298,0.10000000149,0.20000000298,0.80000001192,0.20000000298,1,1250,1250,1250,0,0,0,0
101,"Basic Procedural Water - WMO",,proceduralOceanDepthTex,XTextures\ocean\oceanbump.blp,XTextures\foam\waterchop7bw.blp,,,15,1,1114,0,30,0.5,0.5,0,0,1,0,0,3,-1626169131,1,1,1,1,1,1,0,0,1,0,1,0.02500000037,0.125,0,0.10000000149,1,0,0,0,300,0.33300000429,0.20000000298,0.10000000149,0.20000000298,0.80000001192,0.20000000298,1,1250,1250,1250,0,0,0,0
121,"CoA Black - Magma",XTextures\lava\lava.%d.blp,XTextures\lava\Magma0,XTextures\lava\Magma1,XTextures\lava\Magma2,,,120,2,3052,57634,0,0,0,0,7,4,1,1,2,-3119104,30,1,1,1,1,1,0,0,0,0.10000000149,0.02500000037,0,0.55000001192,0.44999998808,0.34999999404,0,0,0,1,0.05000000075,0,0,0,0,0,0,0,0,16737792,0,0,0,0,0
141,"Chamber Magma",XTextures\lava\lava.%d.blp,XTextures\lava\Magma0,XTextures\lava\Magma1,XTextures\lava\Magma2,,,120,2,3072,57634,0,0,0,0,7,4,1,1,2,-3119104,30,1,1,1,1,1,0,0,0,0.10000000149,0.02500000037,0,0.55000001192,0.44999998808,0.34999999404,0,0,0,1,0.05000000075,0,0,0,0,0,0,0,0,16737792,0,0,0,0,0
181,"Orange Slime",XTextures\LavaOrange\LavaOrange.%d.blp,proceduralRiverDepthTex,XTextures\ocean\oceanbump.blp,XTextures\foam\waterchop7bw.blp,,,15,0,1111,0,0,0,0,0,0,1,0,0,1,-1867761,30,1,1,1,1,1,0,0,2,0,8.5,1,1.25,0,0.5,1,1,0.20000000298,0.69999998808,0.20000000298,0.10000000149,1,0.20000000298,2.5,0,0,0,1250,0,0,0,0,0,0
221,"Gary Test Water",,proceduralOceanDepthTex,XTextures\ocean\oceanbump.blp,XTextures\foam\waterchop7bw.blp,,,0,0,0,0,0,0,0,0,0,0,0,0,3,0,1,1,1,1,1,1,0,0,1,0,1,0.10000000149,0.5,0,1,1,0,0,0,0,0,0,0,0,0,0,1,1250,1250,1250,0,0,0,0
301,"Shallow Water",XTextures\river\lake_a.%d.blp,proceduralRiverDepthTex,XTextures\ocean\newoceanbump.blp,XTextures\foam\waterchop7bw.blp,,,15,0,1112,0,0,0,0,0,0,1,0,0,1,-1626169131,30,1,1,1,1,1,0,0,1,0,1,1,2.5,90,0.5,0,0.5,0.20000000298,0.69999998808,0.20000000298,0.10000000149,1,1,2.5,0.80000001192,0.20000000298,0,1250,0,1250,0,0,0,0
302,"Magma 2",XTextures\lava\Magma0,XTextures\lava\Magma1,XTextures\lava\Magma2,,,,120,2,3072,0,0,0,0,0,7,4,1,1,4,-1613731840,1,1,1,1,1,1,0,0,0.02500000037,0,0.55000001192,0.44999998808,0.34999999404,0,0,0,1,0.05000000075,0,0,0,0,0,0,0,0,0,0,16737792,0,0,0,0,0
303,"WMO Magma 2",XTextures\lava\Magma0,XTextures\lava\Magma1,XTextures\lava\Magma2,,,,120,2,3072,0,0,0,0,0,7,4,1,1,4,-1613731840,1,1,1,1,1,1,0,0,0.10000000149,0,2.20000004768,1.79999995232,1.39999997616,0,0,0,1,0.05000000075,0,0,0,0,0,0,0,0,0,0,16737792,0,0,0,0,0
321,"New River",,proceduralRiverDepthTex,XTextures\ocean\oceanbump.blp,XTextures\foam\waterchop7bw.blp,,,15,1,1114,0,30,0.5,0.5,0,0,1,0,0,3,-1626169131,1,1,1,1,1,1,0,0,1,0,1,0.10000000149,0.5,0,1,1,0,0,0,300,0.33300000429,0.20000000298,0.10000000149,0.20000000298,0.80000001192,0.20000000298,0,1250,1250,1250,0,0,0,0
324,"TEST Shallow Water",,proceduralOceanDepthTex,XTextures\ocean\oceanbump.blp,XTextures\foam\waterchop7bw.blp,,,15,1,1114,0,30,0.5,0.5,0,0,1,0,0,3,-1626169131,1,1,1,1,1,1,0,0,1,0,1,0.10000000149,0.5,0,0.10000000149,0,0,0,0,300,0.33300000429,0.20000000298,0.10000000149,0.20000000298,0.80000001192,0.20000000298,1,1250,1250,1250,0,0,0,0
350,"Mercury Water",XTextures\river\lake_a.%d.blp,proceduralOceanDepthTex,XTextures\ocean\mercurybump.blp,,,,15,1,23672,0,30,0.5,0.5,0.25,0,1,0,0,5,-1626169131,30,1,1,1,1,1,0,0,1,0,1,1,1.25,0,0.5,0,0,0.10000000149,0.69999998808,0.20000000298,0.10000000149,1,1.29999995232,2.5,0.80000001192,0.20000000298,1,1250,1,1250,0,0,0,0
397,"Hack Fix Magma for Jesse",XTextures\lava\lava.%d.blp,XTextures\lava\Magma0,XTextures\lava\Magma1,XTextures\lava\Magma2,,,120,2,3052,0,0,0,0,0,7,4,1,1,2,-3119104,30,1,1,1,1,1,0,0,0.02500000037,0,0.02500000037,0,0.55000001192,0.44999998808,0.34999999404,0,0,0,1,0.00499999989,0,0,0,0,0,0,0,0,16737792,0,0,0,0,0
404,"Blackwing Descent - Magma",XTextures\lava\lava.%d.blp,XTextures\lava\Magma0,XTextures\lava\Magma1,XTextures\lava\Magma2,,,120,2,3052,81114,0,0,0,0,7,4,1,1,2,-3119104,30,1,1,1,1,1,0,0,0,0.10000000149,0.02500000037,0,0.55000001192,0.44999998808,0.34999999404,0,0,0,1,0.05000000075,0,0,0,0,0,0,0,0,16737792,0,0,0,0,0
406,Grid,,,,,,,0,0,0,0,0,0,0,0,0,0,0,0,8,0,1,1,1,1,1,1,0,0,0,0,0,0,0,0,0,0,0,0,0,0,0,0,0,0,0,0,0,0,0,0,0,0,0,0
407,"River Water Smooth",xtextures\river\lake_a.%d.blp,proceduralRiverDepthTex,xtextures\ocean\oceanbump.blp,xtextures\foam\waterchop7bw.blp,,,0,0,1111,0,0,0,0,0,0,0,0,0,1,-10570023,30,1,1,1,1,1,0,0,20,0,0,5,6,0.5,0.5,0,1,0.30000001192,1,0.10000000149,0.10000000149,1,0.20000000298,1,0,0,0,1200,0,0,0,0,0,0
411,"WMO Shallow Water - Interior",XTextures\river\lake_a.%d.blp,proceduralWmoWaterTex,XTextures\ocean\newoceanbump.blp,XTextures\foam\waterchop7bw.blp,,,15,0,1111,0,0,0,0,0,0,1,0,0,1,-1626169131,30,1,1,1,1,1,0,0,1,0,1,0.25,0.5,270,1,0,0.5,0.20000000298,0.69999998808,0.20000000298,0.10000000149,1,0.5,2.5,0,0,1,1250,0,0,0,0,0,0
412,"WMO Mercury Water - Interior",XTextures\river\lake_a.%d.blp,proceduralOceanDepthTex,XTextures\ocean\mercurybump.blp,,,,15,1,23672,0,30,0.5,0.5,0.25,0,1,0,0,5,-1626169131,30,1,1,1,1,1,0,0,1,0,1,1,1.25,0,0.5,0,0,0.10000000149,0.69999998808,0.20000000298,0.10000000149,1,1.29999995232,2.5,0.80000001192,0.20000000298,1,1250,1,1250,0,0,0,0
671,"Firelands - Magma",XTextures\lava\lava.%d.blp,XTextures\lava\Magma0,XTextures\lava\Magma1,XTextures\lava\Magma2,,,120,2,24668,97151,0,0,0,0,7,4,1,1,2,-3119104,30,1,1,1,1,1,0,0,0,0.10000000149,0.02500000037,0,0.55000001192,0.44999998808,0.34999999404,0,0,0,1,0.05000000075,0,0,0,0,0,0,0,0,16737792,0,0,0,0,0
689,"Fast Water Hyjal Magic",XTextures\river\fast_a.%d.blp,proceduralRiverDepthTex,XTextures\ocean\newoceanbump.blp,XTextures\foam\waterchop7bw.blp,,,15,0,1111,0,0,0,0,0,0,1,0,0,1,-1626169131,16,1,1,1,1,1,0,0,1,0,1,1,2.5,90,0.5,0.5,0.5,0.20000000298,0.69999998808,0.20000000298,0.10000000149,1,0.5,2.5,0,0,0,1250,0,0,0,0,0,0
733,"Hawaii Liquid Fog",xtextures\fx\density.blp,proceduralRiverDepthTex,XTextures\ocean\newoceanbump.blp,XTextures\foam\waterchop7bw.blp,,,8,0,31115,0,0,0,0,0,0,1,0,0,10,-7194941,1,1,1,1,1,1,-256,0,0.0001,0.5,1,0.5,0.10000000149,90,0.5,0.5,0.5,0.01999999955,0.01999999955,0.20000000298,0.10000000149,1,0.5,2.5,0,0,0,1250,0,0,0,0,0,0
739,"Fall of Azeroth - Magma",XTextures\lava\lava.%d.blp,XTextures\lava\Magma0,XTextures\lava\Magma1,XTextures\lava\Magma2,,,120,2,24668,101619,0,0,0,0,7,4,1,1,2,-3119104,30,1,1,1,1,1,0,0,0,0.10000000149,0.02500000037,0,0.55000001192,0.44999998808,0.34999999404,0,0,0,1,0.05000000075,0,0,0,0,0,0,0,0,16737792,0,0,0,0,0
750,"Jade Forest Swamp Fog",xtextures\fx\density.blp,proceduralRiverDepthTex,XTextures\ocean\newoceanbump.blp,XTextures\foam\waterchop7bw.blp,,,8,0,31115,0,0,0,0,0,0,1,0,0,10,-10521255,1,1,1,1,1,1,-9666983,0,0.0001,0.5,1,0.5,0.10000000149,90,0.5,0.5,0.5,0.01999999955,0.01999999955,0.20000000298,0.10000000149,1,0.5,2.5,0,0,0,1250,0,0,0,0,0,0
751,"JF - Witch House Fog",xtextures\fx\density.blp,proceduralRiverDepthTex,XTextures\ocean\newoceanbump.blp,XTextures\foam\waterchop7bw.blp,,,8,0,31115,0,0,0,0,0,0,1,0,0,10,-5855578,1,1,1,1,1,1,-1367754887,0,0.0001,0.5,1,0.5,0.10000000149,90,0.5,0.5,0.5,0.01999999955,0.01999999955,0.20000000298,0.10000000149,1,0.5,2.5,0,0,0,1250,0,0,0,0,0,0
752,TestLavaFog,xtextures\splash\wake.blp,proceduralRiverDepthTex,XTextures\ocean\newoceanbump.blp,XTextures\foam\waterchop7bw.blp,,,8,0,1111,0,0,0,0,0,0,1,0,0,10,-7194941,1,1,1,1,1,1,-2090465,0,0.00089999998,0.10000000149,1,1,0.00999999978,45,0.5,0.5,0.5,0.20000000298,0.20000000298,0.20000000298,0.10000000149,1,0.5,2.5,0,0,0,1250,0,0,0,0,0,0
760,"ZoneB Forest Fog",xtextures\fx\density.blp,proceduralRiverDepthTex,XTextures\ocean\newoceanbump.blp,XTextures\foam\waterchop7bw.blp,,,8,0,31115,0,0,0,0,0,0,1,0,0,10,-10521255,1,1,1,1,1,1,-14072257,0,0.00100000005,0.30000001192,1,0.69999998808,0.5,90,0.5,0.5,0.5,0.02999999933,0.02999999933,0.20000000298,0.10000000149,1,0.5,2.5,0,0,0,1250,0,0,0,0,0,0
761,"Zone B Marsh Fog",xtextures\fx\density.blp,proceduralRiverDepthTex,XTextures\ocean\newoceanbump.blp,XTextures\foam\waterchop7bw.blp,,,8,0,31115,0,0,0,0,0,0,1,0,0,10,-3483693,1,1,1,1,1,1,-4930380,0,0.0001,0.5,1,0.5,0.10000000149,90,0.5,0.5,0.5,0.01999999955,0.01999999955,0.20000000298,0.10000000149,1,0.5,2.5,0,0,0,1250,0,0,0,0,0,0
763,"Turtle - Staff Forest Fog",xtextures\fx\density.blp,proceduralRiverDepthTex,XTextures\ocean\newoceanbump.blp,XTextures\foam\waterchop7bw.blp,,,8,0,31115,0,0,0,0,0,0,1,0,0,10,-10521255,1,1,1,1,1,1,-551837768,0,0.00100000005,0.30000001192,1,0.69999998808,0.5,90,0.5,0.5,0.5,0.02999999933,0.02999999933,0.20000000298,0.10000000149,1,0.5,2.5,0,0,0,1250,0,0,0,0,0,0
764,"Despair Fog",xtextures\fx\density.blp,proceduralRiverDepthTex,XTextures\ocean\newoceanbump.blp,XTextures\foam\waterchop7bw.blp,,,8,0,31115,0,0,0,0,0,0,1,0,0,10,-10521255,1,1,1,1,1,1,-547672715,0,0.00100000005,0.30000001192,1,0.69999998808,0.5,90,0.5,0.5,0.5,0.02999999933,0.02999999933,0.20000000298,0.10000000149,1,0.5,2.5,0,0,0,1250,0,0,0,0,0,0
765,"Mogu Creepy Fog",xtextures\fx\density.blp,proceduralRiverDepthTex,XTextures\ocean\newoceanbump.blp,XTextures\foam\waterchop7bw.blp,,,8,0,0,0,0,0,0,0,0,0.10000000149,2,4,10,-10521255,1,1,1,1,1,1,-10583676,0,0.00100000005,0.10000000149,1,0.5,0.5,24,0.5,0.5,0.5,0.01999999955,0.01999999955,0.20000000298,0.10000000149,1,0.5,2.5,0,0,0,1250,0,0,0,0,0,0
787,"Sha Fog",xtextures\fx\density.blp,proceduralRiverDepthTex,XTextures\ocean\newoceanbump.blp,XTextures\foam\waterchop7bw.blp,,,8,0,0,0,0,0,0,0,0,0.10000000149,2,4,10,-10521255,1,1,1,1,1,1,-1341516484,0,0.0001,0.80000001192,1,1,1,24,0.5,0.5,0.5,0.05000000075,0.05000000075,0.20000000298,0.10000000149,1,0.5,2.5,0,0,0,1250,0,0,0,0,0,0
805,"Black Bamboo Fog",xtextures\fx\density.blp,proceduralRiverDepthTex,XTextures\ocean\newoceanbump.blp,XTextures\foam\waterchop7bw.blp,,,8,0,0,0,0,0,0,0,0,0.10000000149,0,4,10,-10521255,1,1,1,1,1,1,-10976892,0,0.00100000005,0.10000000149,1,0.5,0.5,24,0.5,0.5,0.5,0.01999999955,0.01999999955,0.20000000298,0.10000000149,1,0.5,2.5,0,0,0,1250,0,0,0,0,0,0
806,"Zone D - Mogu Ruins Fog",xtextures\fx\density.blp,proceduralRiverDepthTex,XTextures\ocean\newoceanbump.blp,XTextures\foam\waterchop7bw.blp,,,8,0,0,0,0,0,0,0,0,1,0,0,10,-6969690,1,1,1,1,1,1,-6306881,0,0.0001,0.5,1,0.5,0.10000000149,25,0.5,0.5,0.5,0.01999999955,0.01999999955,0.20000000298,0.10000000149,1,0.5,2.5,0,0,0,1250,0,0,0,0,0,0
807,"Zone D - FogBeast",xtextures\fx\density.blp,proceduralRiverDepthTex,XTextures\ocean\newoceanbump.blp,XTextures\foam\waterchop7bw.blp,,,8,0,31115,0,0,0,0,0,0,1,0,0,10,-5855578,1,1,1,1,1,1,-11972083,0,0.0001,0.5,1,0.5,0.10000000149,25,0.5,0.5,0.5,0.01999999955,0.01999999955,0.20000000298,0.10000000149,1,0.5,2.5,0,0,0,1250,0,0,0,0,0,0
808,"Dread Wastes Sha Scar Fog black",xtextures\fx\density.blp,proceduralRiverDepthTex,XTextures\ocean\newoceanbump.blp,XTextures\foam\waterchop7bw.blp,,,8,0,0,0,0,0,0,0,0,1,0,0,10,-262110,1,1,1,1,1,1,-15728640,0,0.0001,0.5,1,0.5,0.10000000149,90,0.5,0.5,0.5,0.01999999955,0.01999999955,0.20000000298,0.10000000149,1,0.5,2.5,0,0,0,1250,0,0,0,0,0,0
809,"Dread Wastes Sha Scar Fog red",xtextures\fx\density.blp,proceduralRiverDepthTex,XTextures\ocean\newoceanbump.blp,XTextures\foam\waterchop7bw.blp,,,8,0,0,0,0,0,0,0,0,1,0,0,10,-262110,1,1,1,1,1,1,-10616832,0,0.0001,0.5,1,0.5,0.10000000149,90,0.5,0.5,0.5,0.01999999955,0.01999999955,0.20000000298,0.10000000149,1,0.5,2.5,0,0,0,1250,0,0,0,0,0,0
812,"Zone D - Mantid_Mystic_Lake",xtextures\fx\density.blp,proceduralRiverDepthTex,XTextures\ocean\newoceanbump.blp,XTextures\foam\waterchop7bw.blp,,,8,0,31115,0,0,0,0,0,0,1,0,0,10,-10395295,1,1,1,1,1,1,-10592674,0,0.0001,0.5,1,0.5,0.10000000149,25,0.5,0.5,0.5,0.01999999955,0.01999999955,0.20000000298,0.10000000149,1,0.5,2.5,0,0,0,1250,0,0,0,0,0,0
814,"ITK - Swamp Fog",xtextures\fx\density.blp,proceduralRiverDepthTex,XTextures\ocean\newoceanbump.blp,XTextures\foam\waterchop7bw.blp,,,8,0,31115,0,0,0,0,0,0,1,0,0,10,-10521255,1,1,1,1,1,1,-10977864,0,0.00100000005,0.30000001192,1,0.69999998808,0.5,90,0.5,0.5,0.5,0.02999999933,0.02999999933,0.20000000298,0.10000000149,1,0.5,2.5,0,0,0,1250,0,0,0,0,0,0
834,"Purple Sands Fog",xtextures\fx\density.blp,proceduralRiverDepthTex,XTextures\ocean\newoceanbump.blp,XTextures\foam\waterchop7bw.blp,,,8,0,31115,0,0,0,0,0,0,1,0,0,10,-7194941,1,1,1,1,1,1,-4217418,0,0.0001,0.69999998808,1,1,0.10000000149,90,0.5,0.5,0.5,0.09000000358,0.09000000358,0.20000000298,0.10000000149,1,0.5,2.5,0,0,0,1250,0,0,0,0,0,0
837,"Fast Water Hyjal Magic - Color Variant",XTextures\river\fast_a.%d.blp,proceduralRiverDepthTex,XTextures\ocean\newoceanbump.blp,XTextures\foam\waterchop7bw.blp,,,15,0,1111,0,0,0,0,0,0,1,0,0,1,-1626157355,16,1,1,1,1,1,0,0,1,0,1,1,2.5,90,0.5,0.5,0.5,0.20000000298,0.69999998808,0.20000000298,0.10000000149,1,0.5,2.5,0,0,0,1250,0,0,0,0,0,0
839,"Shadowmoon Fog",xtextures\fx\density.blp,proceduralRiverDepthTex,XTextures\ocean\newoceanbump.blp,XTextures\foam\waterchop7bw.blp,,,8,0,31115,0,0,0,0,0,0,1,0,0,10,-3483693,1,1,1,1,1,1,-902525976,0,0.0001,0.07999999821,1,0.5,0.10000000149,90,0.5,0.5,0.5,0.01999999955,0.01999999955,0.20000000298,0.10000000149,1,0.5,2.5,0,0,0,1250,0,0,0,0,0,0
844,"Slow Blood Water",XTextures\river\lake_a.%d.blp,proceduralRiverDepthTex,XTextures\ocean\newoceanbump.blp,XTextures\foam\waterchop7bw.blp,,,15,0,1112,0,0,0,0,0,0,1,0,0,1,-5435887,30,1,1,1,1,1,0,0,1,0,1,1,2.5,90,0.69999998808,0.5,0.5,0.20000000298,0.5,0.20000000298,0.10000000149,1,0.69999998808,2.5,0,0,0,1250,0,0,0,0,0,0
848,"6XP Shattrath Rise Fog",xtextures\fx\density.blp,proceduralRiverDepthTex,XTextures\ocean\newoceanbump.blp,XTextures\foam\waterchop7bw.blp,,,8,0,31115,0,0,0,0,0,0,1,0,0,10,-3483693,1,1,1,1,1,1,-4930380,0,0.0001,0.5,1,0.5,0.10000000149,90,0.5,0.5,0.5,0.01999999955,0.01999999955,0.20000000298,0.10000000149,1,0.5,2.5,0,0,0,1250,0,0,0,0,0,0
849,"6SM Faerie Dragon Fog",xtextures\fx\density.blp,proceduralRiverDepthTex,XTextures\ocean\newoceanbump.blp,XTextures\foam\waterchop7bw.blp,,,8,0,31115,0,0,0,0,0,0,0.10000000149,0,4,10,-1784587,1,1,1,1,1,1,-10266390,0,0.00100000005,0.5,1,0.5,0.5,24,0.5,0.5,0.5,0.01999999955,0.01999999955,0.20000000298,0.10000000149,1,0.5,2.5,0,0,0,1250,0,0,0,0,0,0
850,SpiresSwampFog,xtextures\ocean\01basicwaterheighttex_25.blp,proceduralRiverDepthTex,XTextures\ocean\newoceanbump.blp,XTextures\foam\waterchop7bw.blp,,,8,0,1111,0,0,0,0,0,0,1,0,0,10,-13361865,1,1,1,1,1,1,-12702153,0,0.10000000149,150,1,1,1,320,0.5,0.5,0.5,0.5,0.10000000149,0.20000000298,0.10000000149,1,0.5,2.5,0,0,0,1250,0,0,0,0,0,0
851,"6ar Steam Pools Fog",xtextures\fx\density.blp,proceduralRiverDepthTex,XTextures\ocean\newoceanbump.blp,XTextures\foam\waterchop7bw.blp,,,8,0,31115,0,0,0,0,0,0,0.10000000149,0,4,10,-1784587,1,1,1,1,1,1,-3553087,0,0.00100000005,0.5,1,0.5,0.5,24,0.5,0.5,0.5,0.01999999955,0.01999999955,0.20000000298,0.10000000149,1,0.5,2.5,0,0,0,1250,0,0,0,0,0,0
852,"6ar Steam Pools Fog",xtextures\fx\density.blp,proceduralRiverDepthTex,XTextures\ocean\newoceanbump.blp,XTextures\foam\waterchop7bw.blp,,,8,0,31115,0,0,0,0,0,0,0.10000000149,0,4,10,-1513240,1,1,1,1,1,1,-1447713,0,0.00100000005,0.5,1,0.5,0.5,24,0.5,0.5,0.5,0.01999999955,0.01999999955,0.20000000298,0.10000000149,1,0.5,2.5,0,0,0,1250,0,0,0,0,0,0
853,"Gorgrond Spore Fog",xtextures\fx\density.blp,proceduralRiverDepthTex,XTextures\ocean\newoceanbump.blp,XTextures\foam\waterchop7bw.blp,,,8,0,31115,0,0,0,0,0,0,1,0,0,10,-2374017,1,1,1,1,1,1,-473030,0,0.0001,0.30000001192,1,0.5,0.10000000149,90,0.5,0.5,0.5,0.01999999955,0.01999999955,0.20000000298,0.10000000149,1,0.5,2.5,0,0,0,1250,0,0,0,0,0,0
855,6AS_HordeStaging_Troll_Fog,xtextures\fx\density.blp,proceduralRiverDepthTex,XTextures\ocean\newoceanbump.blp,XTextures\foam\waterchop7bw.blp,,,8,0,31115,0,0,0,0,0,0,0.10000000149,0,4,10,-4939358,1,1,1,1,1,1,-8817270,0,0.00100000005,0.34999999404,1,0.5,0.5,24,0.5,0.5,0.5,0.01999999955,0.01999999955,0.20000000298,0.10000000149,1,0.5,2.5,0,0,0,1250,0,0,0,0,0,0
856,"Slime - Very Slow",XTextures\slime\slime.%d.blp,XTextures\slime\Slime0,XTextures\slime\Slime1,XTextures\slime\Slime2,,,322,3,3880,0,0,0,0,0,6,0,0,0,2,-11879876,30,1,1,1,1,1,0,0,0.00999999978,0,0.02500000037,0,0.55000001192,0.44999998808,0.34999999404,0,0,0,1,0.01999999955,0,0,0,0,0,0,0,0,16737792,0,0,0,0,0
859,Magma_North,XTextures\lava\lava.%d.blp,XTextures\lava\Magma0,XTextures\lava\Magma1,XTextures\lava\Magma2,,,120,2,3072,0,0,0,0,0,7,4,1,1,2,-3119104,30,1,1,1,1,1,0,0,0.02500000037,0,0.02500000037,0,0.55000001192,0.44999998808,0.34999999404,0,0,0,1,0.05000000075,0,0,0,0,0,0,0,0,16737792,0,0,0,0,0
860,6FW_Magma,XTextures\lava\lava.%d.blp,XTextures\lava\Magma0,XTextures\lava\Magma1,XTextures\lava\Magma2,,,120,2,3072,0,0,0,0,0,7,4,1,1,2,-3119104,30,1,1,1,1,1,0,0,0.01999999955,0,0.02500000037,0,0.55000001192,0.44999998808,0.34999999404,0,0,0,1,0.05000000075,0,0,0,0,0,0,0,0,16737792,0,0,0,0,0
864,7AZ_GhostTemple_Fog,xtextures\fx\density.blp,proceduralRiverDepthTex,XTextures\ocean\newoceanbump.blp,XTextures\foam\waterchop7bw.blp,,,8,0,31115,0,0,0,0,0,0,0.10000000149,0,4,10,-10924420,1,1,1,1,1,1,-9142119,0,0.00100000005,0.25,1,0.5,0.5,24,0.5,0.5,0.5,0.01999999955,0.01999999955,0.20000000298,0.10000000149,1,0.5,2.5,0,0,0,1250,0,0,0,0,0,0
865,7vs_Swamp_Fog,xtextures\fx\density.blp,proceduralRiverDepthTex,XTextures\ocean\newoceanbump.blp,XTextures\foam\waterchop7bw.blp,,,8,0,31115,0,0,0,0,0,0,0.10000000149,0,4,10,-7937318,1,1,1,1,1,1,-15107131,0,0.00100000005,0.5,1,0.5,0.5,24,0.5,0.5,0.5,0.01999999955,0.01999999955,0.20000000298,0.10000000149,1,0.5,2.5,0,0,0,1250,0,0,0,0,0,0
866,"Helheim Fog",xtextures\fx\density.blp,proceduralRiverDepthTex,XTextures\ocean\newoceanbump.blp,XTextures\foam\waterchop7bw.blp,,,8,0,31115,0,0,0,0,0,0,1,0,0,10,-3483693,1,1,1,1,1,1,-13484465,0,0.0001,0.07999999821,1,0.5,0.10000000149,90,0.5,0.5,0.5,0.01999999955,0.01999999955,0.20000000298,0.10000000149,1,0.5,2.5,0,0,0,1250,0,0,0,0,0,0
868,"Ley Line",xtextures\ley\leydetail01.blp,xtextures\ley\leydetail02.blp,xtextures\ley\leydiffuse.blp,xtextures\ocean\newoceanbump.blp,xtextures\manawater\manawater_shore.blp,,15,1,0,0,30,0.5,0.5,0.25,0,1,2,3,12,-14242384,0,0,0,0,0,1,-2337078,-9533233,1,90,-0.01999999955,0.5,10,-0.05000000075,1,45,0.01999999955,0.10000000149,0.40000000596,90,0.01999999955,1,0.80000001192,2,1,20,0,0,0,0,0,0,0,0
869,"FelDeep - Tanaan Jungle Specific",xtextures\fel\feldeep.blp,xtextures\fel\felshallow.blp,xtextures\fel\felspecular.blp,xtextures\fel\felshore.blp,xtextures\fel\felemissive.blp,xtextures\fel\felanim_%d.blp,106,2,3052,188517,0,0,0,20,6,4,2,4,13,-14233600,0,0,0,0,0,30,0,0,0.25,0,-0.05000000075,0.5,0,0.01999999955,0.55000001192,90,0.00999999978,0.25,0.20000000298,0.5,2,0.25,1,1.5,0.75,0.75,1,0,0,0,0.04053497314,-0.74075317383,4.00073242188,-2.28305053711
870,"FelShallow - Tanaan Jungle Specific",xtextures\fel\feldeep.blp,xtextures\fel\felshallow.blp,xtextures\fel\felspecular.blp,xtextures\fel\felshore.blp,xtextures\fel\felemissive.blp,xtextures\fel\felanim_%d.blp,122,2,3052,188517,0,0,0,0,6,4,1,1,13,-14167551,0,0,0,0,0,30,0,0,0.5,90,-0.05000000075,0.5,0,0.05000000075,0.5,90,0.01499999966,0.5,0.25,0.5,1.25,1,2.5,2,0.75,0.5,0,0,0,0,-0.00375556946,0.99984741211,-0.01806640625,0.00946044922
872,7AZ_LostOrchard_Fog,xtextures\fx\density.blp,proceduralRiverDepthTex,XTextures\ocean\newoceanbump.blp,XTextures\foam\waterchop7bw.blp,,,8,0,31115,0,0,0,0,0,0,0.5,0,4,10,-10924420,1,1,1,1,1,1,-9138279,0,0.00100000005,0.25,1,0.5,0.5,24,0.5,0.5,0.5,0.01999999955,0.01999999955,0.20000000298,0.10000000149,1,0.5,2.5,0,0,0,1250,0,0,0,0,0,0
873,"FelShallow Yellow - 6.2 Hellfire Raid Specific",xtextures\fel\feldeepOrange.blp,xtextures\fel\felshallow.blp,xtextures\fel\felspecular.blp,xtextures\fel\felshore.blp,xtextures\fel\felemissive.blp,xtextures\fel\felswirl_%d.blp,120,2,3052,0,0,0,0,0,6,4,1,1,13,-15616,0,0,0,0,0,30,0,0,0.40000000596,0,0.00999999978,0.5,0,-0.00999999978,0.40000000596,0,0.00999999978,0.10000000149,0.10000000149,0.40000000596,2,1,20,1,0.5,5,1,0,0,0,-0.00375556946,0.99984741211,-0.01806640625,0.00946044922
874,"FelShallow Purple - 6.2 Hellfire Raid Specific",xtextures\fel\feldeepPurple.blp,xtextures\fel\felshallow.blp,xtextures\fel\felspecular.blp,xtextures\fel\felshore.blp,xtextures\fel\felemissive.blp,xtextures\fel\felswirl_%d.blp,120,2,3052,0,0,0,0,0,6,4,1,1,13,-8322864,0,0,0,0,0,30,0,0,0.40000000596,0,0.00999999978,0.5,0,-0.00999999978,0.40000000596,0,0.00999999978,0.10000000149,0.10000000149,0.40000000596,2,1,20,1,0.5,5,1,0,0,0,-0.00375556946,0.99984741211,-0.01806640625,0.00946044922
875,"FelShallow Green - 6.2 Hellfire Raid Specific",xtextures\fel\feldeep.blp,xtextures\fel\felshallow.blp,xtextures\fel\felspecular.blp,xtextures\fel\felshore.blp,xtextures\fel\felemissive.blp,xtextures\fel\felanim_%d.blp,120,2,3052,0,0,0,0,0,6,4,1,1,13,-13183725,0,0,0,0,0,30,0,0,1,90,-0.05000000075,0.5,0,0.00999999978,0.75,90,0.02500000037,1,0.20000000298,0.20000000298,1.25,1,8,12,0.75,12,1,0,0,0,-0.00375556946,0.99984741211,-0.01806640625,0.00946044922
876,"FelDeep-6.2 Hellfire Raid Specific Warlock",xtextures\fel\feldeep.blp,xtextures\fel\felshallow.blp,xtextures\fel\felspecular.blp,xtextures\fel\felshore.blp,xtextures\fel\felemissive.blp,xtextures\fel\felanim_%d.blp,104,2,3052,0,0,0,0,20,6,4,2,4,13,-14233600,0,0,0,0,0,30,0,0,0.05000000075,0,-0.05000000075,0.01999999955,0,0.01999999955,0.07500000298,90,0.00999999978,0.10000000149,0.20000000298,5,3,2,8,14,0.75,1,1,0,0,0,0.04053497314,-0.74075317383,4.00073242188,-2.28305053711
877,"FelShallow-Hellfire Raid Specific Shallow",xtextures\fel\feldeep.blp,xtextures\fel\felshallow.blp,xtextures\fel\felspecular.blp,xtextures\fel\felshore.blp,xtextures\fel\felemissive.blp,xtextures\fel\felanim_%d.blp,120,2,3052,0,0,0,0,0,6,4,1,1,13,-14167551,0,0,0,0,0,30,0,0,0.5,90,-0.05000000075,0.5,0,0.05000000075,0.25,0,0.01499999966,0.5,0.25,0.5,2.5,1,0.44999998808,0.5,1,1,0,0,0,0,-0.00375556946,0.99984741211,-0.01806640625,0.00946044922
878,"FelDeep - Generic",xtextures\fel\feldeep.blp,xtextures\fel\felshallow.blp,xtextures\fel\felspecular.blp,xtextures\fel\felshore.blp,xtextures\fel\felemissive.blp,xtextures\fel\felanim_%d.blp,104,2,3052,0,0,0,0,20,6,4,2,4,13,-14233600,0,0,0,0,0,30,0,0,0.25,0,-0.05000000075,0.5,0,0.01999999955,0.55000001192,90,0.00999999978,0.25,0.20000000298,1,2,0.25,1,1.5,0.75,0.75,1,0,0,0,0.04053497314,-0.74075317383,4.00073242188,-2.28305053711
879,"FelShallow - Generic",xtextures\fel\feldeep.blp,xtextures\fel\felshallow.blp,xtextures\fel\felspecular.blp,xtextures\fel\felshore.blp,xtextures\fel\felemissive.blp,xtextures\fel\felanim_%d.blp,120,2,3052,0,0,0,0,0,6,4,1,1,13,-14167551,0,0,0,0,0,30,0,0,0.5,90,-0.05000000075,0.5,0,0.05000000075,0.5,90,0.01499999966,0.5,0.25,0.5,1.25,1,2.5,2,0.75,0.5,0,0,0,0,-0.00375556946,0.99984741211,-0.01806640625,0.00946044922
880,"7VS World Tree Nightmare Fog",xtextures\fx\density.blp,proceduralRiverDepthTex,XTextures\ocean\newoceanbump.blp,XTextures\foam\waterchop7bw.blp,,,8,0,31115,0,0,0,0,0,0,1,0,0,10,-9085863,1,1,1,1,1,1,-8553091,0,0.00400000019,0.5,1,1,0.5,90,0.5,0.5,0.5,0.00499999989,0.0120000001,0.20000000298,0.10000000149,1,0.5,2.5,0,0,0,1250,0,0,0,0,0,0
881,"7VS Nightmare Mist",xtextures\fx\density.blp,proceduralRiverDepthTex,XTextures\ocean\newoceanbump.blp,XTextures\foam\waterchop7bw.blp,,,8,0,31115,0,0,0,0,0,0,1,0,0,10,-9085863,1,1,1,1,1,1,-5987164,0,0.05000000075,1,1,0.11999999732,0.07999999821,90,0.5,0.5,0.5,0.00499999989,0.0120000001,0.20000000298,0.10000000149,1,0.5,2.5,0,0,0,1250,0,0,0,0,0,0
884,7LN_Spider_OrangeMist,xtextures\fx\density.blp,proceduralRiverDepthTex,XTextures\ocean\newoceanbump.blp,XTextures\foam\waterchop7bw.blp,,,8,0,31115,0,0,0,0,0,0,1,0,0,10,-5996968,1,1,1,1,1,1,-6987301,0,0.05000000075,1,1,0.11999999732,0.07999999821,90,0.5,0.5,0.5,0.00499999989,0.0120000001,0.20000000298,0.10000000149,1,0.5,2.5,0,0,0,1250,0,0,0,0,0,0
885,"7AZ felisle bogfog",xtextures\fx\density.blp,proceduralRiverDepthTex,XTextures\ocean\newoceanbump.blp,XTextures\foam\waterchop7bw.blp,,,8,0,31115,0,0,0,0,0,0,0.5,0,0,10,-9085863,1,1,1,1,1,1,-5522801,0,0.00400000019,0.10000000149,1,0.25,0.15000000596,90,0.5,0.5,0.5,0.00499999989,0.0120000001,0.20000000298,0.10000000149,1,0.5,2.5,0,0,0,1250,0,0,0,0,0,0
886,NightmareGrizzly,xtextures\fx\density.blp,proceduralRiverDepthTex,XTextures\ocean\newoceanbump.blp,XTextures\foam\waterchop7bw.blp,,,8,0,31115,0,0,0,0,0,0,1,0,0,10,-3483693,1,1,1,1,1,1,-9737365,0,0.0001,0.07999999821,1,0.5,0.10000000149,90,0.5,0.5,0.5,0.01999999955,0.01999999955,0.20000000298,0.10000000149,1,0.5,2.5,0,0,0,1250,0,0,0,0,0,0
887,"7XP Valhallas Fog",xtextures\fx\density.blp,proceduralRiverDepthTex,XTextures\ocean\newoceanbump.blp,XTextures\foam\waterchop7bw.blp,,,8,0,0,0,0,0,0,0,0,1,0,0,10,-3483693,1,1,1,1,1,1,-4930380,0,0.0001,0.07999999821,1,0.5,0.10000000149,90,0.5,0.5,0.5,0.01999999955,0.01999999955,0.20000000298,0.10000000149,1,0.5,2.5,0,0,0,1250,0,0,-0.00321388245,1.01156616211,0.00262451172,0.00970458984
888,"7AZ felisle_felfog",xtextures\fx\density.blp,proceduralRiverDepthTex,XTextures\ocean\newoceanbump.blp,XTextures\foam\waterchop7bw.blp,,,8,0,0,0,0,0,0,0,0,0.5,0,0,10,-9085863,1,1,1,1,1,1,-7950751,0,0.00400000019,0.10000000149,1,0.25,0.15000000596,90,0.5,0.5,0.5,0.00499999989,0.0120000001,0.20000000298,0.10000000149,1,0.5,2.5,0,0,0,1250,0,0,-0.00321388245,1.01156616211,0.00262451172,0.00970458984
890,"Suramar Illuminated Water",xtextures\manawater\manawaterdetail01.blp,xtextures\manawater\manawaterdetail02.blp,xtextures\manawater\manawaterdiffuse.blp,xtextures\ocean\newoceanbump.blp,xtextures\manawater\manawater_shore.blp,,15,1,0,0,30,0.5,0.5,0.25,0,1,0,3,12,-15847089,0,0,0,0,0,1,-11095844,-14005641,0.25,90,0.0120000001,0.5,10,0.01999999955,1,180,0.01999999955,0.00999999978,1,90,0.00800000038,0.30000001192,1,2,1,10,0,0,0,0,-0.00321388245,1.01156616211,0.00262451172,0.00970458984
891,"Backup_Ley Line",xtextures\ley\leydetail01.blp,xtextures\ley\leydetail02.blp,xtextures\ley\leydiffuse.blp,xtextures\ocean\newoceanbump.blp,xtextures\foam\waterchop7bw.blp,,15,1,0,0,30,0.5,0.5,0.25,0,1,2,3,12,-14242384,0,0,0,0,0,1,-2337078,-9533233,1,90,-0.01999999955,0.5,10,-0.05000000075,1,45,0.01999999955,0.10000000149,0.40000000596,90,0.01999999955,1,0.80000001192,2,1,20,0,0,0,0,0,0,0,0
892,"UnderRot Fog",xtextures\ocean\01basicwaterheighttex_25.blp,proceduralRiverDepthTex,XTextures\ocean\newoceanbump.blp,XTextures\foam\waterchop7bw.blp,,,8,0,119649,0,0,0,0,0,0,1,0,0,10,-13361865,1,1,1,1,1,1,-1835010,0,0.10000000149,200,1,1,1,320,0.5,0.5,0.5,0.5,0.10000000149,0.20000000298,0.10000000149,1,0.5,2.5,0,0,0,1250,0,0,-0.00321388245,1.01156616211,0.00262451172,0.00970458984
894,"test- do not use- WMO Water - Interior",XTextures\river\lake_a.%d.blp,proceduralWmoWaterTex,XTextures\ocean\newoceanbump.blp,XTextures\foam\waterchop7bw.blp,,,15,0,1111,0,0,0,0,0,0,1,0,0,1,-1626169131,30,1,1,1,1,1,0,0,1,0,1,0.25,0.5,270,1,0.5,0.5,0.20000000298,0.69999998808,0.20000000298,0.10000000149,1,0.5,1,0,0,1,1250,0,0,0,0,0,0
896,"WMO Ley Line",xtextures\ley\leydetail01.blp,xtextures\ley\leydetail02.blp,xtextures\ley\leydiffuse.blp,xtextures\ocean\newoceanbump.blp,xtextures\manawater\manawater_shore.blp,,15,1,0,0,30,0.5,0.5,0.25,0,1,2,3,12,-14242384,0,0,0,0,0,1,-2337078,-9533233,0.40000000596,90,-0.01999999955,0.20000000298,10,-0.05000000075,0.40000000596,45,0.01999999955,0.10000000149,0.15999999642,90,0.01999999955,0.40000000596,0.80000001192,0.80000001192,0.40000000596,20,0,0,0,0,0,0,0,0
897,"8SWA - Swamp Water - Brown Orange",xtextures\swamp\swampalgae_shallow01.blp,xtextures\swamp\swampalgae_mid01.blp,xtextures\swamp\swampalgae_deep01.blp,xtextures\swamp\swampalgae_shore01.blp,xtextures\river\fast_a.%d.blp,xtextures\fel\felanim_%d.blp,127,2,0,0,0,0,0,0,0,4,1,5,14,-10663394,0,0,0,0,16,30,-11774689,0,0.00300000003,0.00600000005,0.00999999978,0.01400000043,0.15000000596,500,0.07500000298,1,0.60000002384,0.30000001192,60,1,0.93000000715,0.10000000149,0.25,0.69999998808,2,0.10000000149,2,0,0,0,-0.00321388245,1.01156616211,0.00262451172,0.00970458984
898,"8.0 - Prototype - Swamp Water - Red Orange",xtextures\swamp\swampdeep02.blp,xtextures\swamp\swampdeep.blp,xtextures\swamp\swampspecular.blp,xtextures\swamp\swampshore.blp,xtextures\swamp\swampemissive.blp,xtextures\fel\felanim_%d.blp,115,2,3052,188517,0,0,0,0,6,4,1,1,13,-9734621,0,0,0,0,0,30,0,0,0.5,90,-0.05000000075,0.5,0,0.05000000075,3,0,0.01499999966,0.5,0.25,2,3,0.30000001192,1.5,2,0.75,0.5,0,0,0,0,-0.00375556946,0.99984741211,-0.01806640625,0.00946044922
899,"8SWA - Swamp Water - Green Orange",xtextures\swamp\swampalgae_shallow02.blp,xtextures\swamp\swampalgae_mid01.blp,xtextures\swamp\swampalgae_deep01.blp,xtextures\swamp\swampalgae_shore02.blp,xtextures\river\fast_a.%d.blp,xtextures\fel\felanim_%d.blp,127,2,0,0,0,0,0,0,0,4,1,5,14,-11314644,0,0,0,0,16,30,-10984410,0,0.00300000003,0.00999999978,0.01600000076,0.02400000021,0.15000000596,300,0.07500000298,1,0.60000002384,0.30000001192,60,1,1,0.10000000149,0.30000001192,0.69999998808,2,0,2,0,0,0,-0.00321388245,1.01156616211,0.00262451172,0.00970458984
909,"8SWA_Blood Fog",xtextures\fx\density.blp,proceduralRiverDepthTex,XTextures\ocean\newoceanbump.blp,XTextures\foam\waterchop7bw.blp,,,8,0,0,0,0,0,0,0,0,1,0,0,10,-3483693,1,1,1,1,1,1,-5369840,0,0.0001,0.07999999821,1,0.5,0.10000000149,90,0.5,0.5,0.5,0.01999999955,0.01999999955,0.20000000298,0.10000000149,1,0.5,2.5,0,0,0,1250,0,0,-0.00321388245,1.01156616211,0.00262451172,0.00970458984
915,"7.2 Tomb Raid - Avatar Lava - MRN",xtextures\fel\feldeep.blp,xtextures\fel\felshallow.blp,xtextures\fel\felspecular.blp,xtextures\fel\felshore.blp,xtextures\fel\felemissive.blp,xtextures\fel\felanim_%d.blp,104,2,3052,0,0,0,0,20,6,4,2,4,13,-14233600,0,0,0,0,0,30,0,0,0.25,0,-0.05000000075,0.25,0,0.01999999955,0.33000001311,90,0.00999999978,0.07500000298,0.25,0.5,1.25,0.5,1,1.5,0.75,1,0,0,0,0,-0.00375556946,0.99984741211,-0.01806640625,0.00946044922
920,"WMO Suramar Illuminated Water",xtextures\manawater\manawaterdetail01.blp,xtextures\manawater\manawaterdetail02.blp,xtextures\manawater\manawaterdiffuse.blp,xtextures\ocean\newoceanbump.blp,xtextures\manawater\manawater_shore.blp,,15,1,0,0,30,0.5,0.5,0.25,0,1,0,3,12,-15847089,0,0,0,0,0,1,-11095844,-14005641,0.10000000149,90,0.00480000023,0.20000000298,10,0.00800000038,0.40000000596,180,0.00800000038,0.00999999978,0.15999999642,90,0.00319999992,0.11999999732,1,0.80000001192,0.40000000596,10,0,0,0,0,-0.00321388245,1.01156616211,0.00262451172,0.00970458984
923,"FelShallow - Argus Orange Fel",xtextures\fel\feldeeporange02.blp,xtextures\fel\felshalloworange01.blp,xtextures\fel\felspecular.blp,xtextures\fel\felshorebright.blp,xtextures\fel\felemissiveorange.blp,xtextures\fel\felanim_%d.blp,122,2,3052,251702,0,0,0,0,3316,4,1,1,13,-5586127,0,0,0,0,0,30,0,0,0.5,90,-0.05000000075,0.5,0,0.05000000075,0.5,90,0.01499999966,0.5,0.25,0.5,1.25,1,1,2,0.5,0.5,0,0,0,0,-0.00375556946,0.99984741211,-0.01806640625,0.00946044922
924,"7.3 Void Water",xtextures\void\voiddetail01.blp,xtextures\void\voiddetail01.blp,xtextures\void\voiddiffuse01.blp,xtextures\ocean\newoceanbump.blp,,,15,1,0,0,30,0.5,0.5,0.25,0,1,0,3,12,-15794128,0,0,0,0,0,1,-6029097,-15204284,0.20000000298,20,0.00600000005,0.72000002861,20,0.00999999978,0.60000002384,180,0.00700000022,0.00100000005,0.1400000006,90,0.00700000022,0.5,0,1,1,18,0,0,0,0,-0.00321388245,1.01156616211,0.00262451172,0.00970458984
926,"FelShallow - Argus Orange Fel - Intense",xtextures\fel\feldeeporange03.blp,xtextures\fel\felshalloworange02.blp,xtextures\fel\felspecular.blp,xtextures\fel\felshorebright.blp,xtextures\fel\felemissiveorange.blp,xtextures\fel\felanim_%d.blp,122,2,3052,251702,0,0,0,0,3316,4,1,1,13,-4342221,0,0,0,0,0,30,0,0,0.5,90,-0.05000000075,0.5,0,0.05000000075,0.5,90,0.01499999966,0.5,0.25,0.5,1.25,1,2.5,2,0.75,0.5,0,0,0,0,-0.00375556946,0.99984741211,-0.01806640625,0.00946044922
927,"7.3 Void Water - No Glow",xtextures\void\voiddetail01.blp,xtextures\void\voiddetail01.blp,xtextures\void\voiddiffuse01.blp,xtextures\ocean\newoceanbump.blp,,,15,1,0,0,30,0.5,0.5,0.25,0,1,0,3,12,-15794128,0,0,0,0,0,1,-6029097,-15204284,0.20000000298,20,0.00600000005,0.72000002861,20,0.00999999978,0.60000002384,180,0.00700000022,0.00100000005,0.1400000006,90,0.00700000022,0.5,0,1,1,0,0,0,0,0,-0.00321388245,1.01156616211,0.00262451172,0.00970458984
928,"Argus Raig Fog",xtextures\fx\density.blp,proceduralRiverDepthTex,XTextures\ocean\newoceanbump.blp,XTextures\foam\waterchop7bw.blp,,,8,0,31115,0,0,0,0,0,0,1,0,0,10,-3483693,1,1,1,1,1,1,-14803426,0,1e-06,0.01999999955,1,0.00100000005,0.05000000075,90,0.5,0.5,0.5,0.01999999955,0.00999999978,0.20000000298,0.10000000149,1,0.5,2.5,0,0,0,1250,0,0,-0.00321388245,1.01156616211,0.00262451172,0.00970458984
929,"FelShallow - Argus Tar Fel",xtextures\fel\feldeeptar02.blp,xtextures\fel\felshallowtar01.blp,xtextures\fel\felspecular.blp,xtextures\fel\felshoredark.blp,xtextures\fel\felemissivetar.blp,xtextures\fel\felanim_%d.blp,122,2,3052,0,0,0,0,0,3478,3,1,0,13,-15921386,0,0,0,0,0,30,0,0,0.5,90,-0.05000000075,0.5,0,0.05000000075,0.5,90,0.01499999966,0.5,0.25,0.5,1.25,1,1,2,0.5,0.5,0,0,0,0,-0.00375556946,0.99984741211,-0.01806640625,0.00946044922
931,"WMO FelShallow - Argus Orange Fel",xtextures\fel\feldeeporange02.blp,xtextures\fel\felshalloworange01.blp,xtextures\fel\felspecular.blp,xtextures\fel\felshorebright.blp,xtextures\fel\felemissiveorange.blp,xtextures\fel\felanim_%d.blp,122,2,3052,251702,0,0,0,0,3316,4,1,1,13,-6916056,0,0,0,0,0,30,0,0,0.125,90,-0.05000000075,0.125,0,0.05000000075,0.125,90,0.01499999966,0.125,0.25,0.5,1.25,1,1,2,0.5,0.5,0,0,0,0,-0.00375556946,0.99984741211,-0.01806640625,0.00946044922
940,"8XP Azerite",xtextures\azerite\azeritedeep.blp,xtextures\azerite\azeritecentercolor.blp,xtextures\azerite\azeriteblend.blp,xtextures\azerite\azerite_basenormal.blp,xtextures\azerite\azeritetranscolor.blp,xtextures\azerite\azeriteanim.%d.blp,104,2,0,275760,0,0,0,20,3316,4,2,4,18,-4745700,0,0,0,0,0,30,-8502784,0,0.36000001431,0.36000001431,2,20,45,0.00350000011,1,1,0.00499999989,5,1,0.40000000596,8,10,50,10,10,1,1,0,16737792,0,-0.00321388245,1.01156616211,0.00262451172,0.00970458984
941,"8XP Puddle Water",XTextures\river\lake_a.%d.blp,proceduralRiverDepthTex,XTextures\ocean\newoceanbump.blp,,,,15,0,1112,0,0,0,0,0,0,1,0,0,1,-1626169131,30,1,1,1,1,1,0,0,1,0,1,1,2.5,90,0.5,0,0.5,0.20000000298,0.5,0,0.10000000149,1,0.20000000298,0.5,0.80000001192,0.20000000298,0,1250,0,1250,-0.00321388245,1.01156616211,0.00262451172,0.00970458984
943,"8DRU Witch Forest Fog",xtextures\fx\density.blp,proceduralRiverDepthTex,XTextures\ocean\newoceanbump.blp,XTextures\foam\waterchop7bw.blp,,,8,0,0,0,0,0,0,0,0,1,0,0,10,-7259201,1,1,1,1,1,1,-11374931,0,0.00050000002,0.25,1,0.5,0.30000001192,90,0.5,0.5,0.5,0.11999999732,0.03999999911,0.20000000298,0.10000000149,1,0.5,2.5,0,0,0,1250,0,0,-0.00321388245,1.01156616211,0.00262451172,0.00970458984
945,"8SWA - Swamp Water - Blood",xtextures\swamp\swampblood_shallow01.blp,xtextures\swamp\swampalgae_deep01.blp,xtextures\swamp\swampalgae_deep01.blp,xtextures\swamp\swampblood_shore01.blp,xtextures\river\fast_a.%d.blp,xtextures\fel\felanim_%d.blp,127,2,0,0,0,0,0,0,0,4,1,5,14,-11394288,0,0,0,0,16,30,-12307423,0,0.00300000003,0.00600000005,0.00999999978,0.01400000043,0.15000000596,500,0.07500000298,1,0.60000002384,0.30000001192,60,1,0.93000000715,0.10000000149,0.00999999978,0.69999998808,2,0.10000000149,2,0,0,0,-0.00321388245,1.01156616211,0.00262451172,0.00970458984
946,"8SWA Tar Pits - No Water Walking",xtextures\fel\feldeeptar02.blp,xtextures\fel\felshallowtar02.blp,xtextures\fel\felspecular.blp,xtextures\fel\felshoredark.blp,xtextures\fel\felemissivetar.blp,xtextures\fel\felanim_%d.blp,122,2,101093,0,0,0,0,0,3478,3,1,0,13,-15921386,0,0,0,0,0,30,0,0,0.5,90,-0.05000000075,0.25,0,0.05000000075,0.5,90,0.01499999966,0.5,0.25,0.5,1.25,0.20000000298,1,2,1,0.5,0,0,0,0,-0.00321388245,1.01156616211,0.00262451172,0.00970458984
947,"Kul Tiras Ocean",XTextures\ocean\ocean_h.%d.blp,proceduralOceanDepthTex,XTextures\ocean\newoceanbump.blp,XTextures\foam\waterchop7bw.blp,,,1039,1,0,0,30,0.5,0.5,0.25,0,1,0,0,1,-1626169131,30,1,1,1,1,1,0,0,1,0,1,1,2.5,90,0.69999998808,1,0.25,0.20000000298,0.69999998808,0.20000000298,0.10000000149,1,1,2,0,0,1,1250,1,0,-0.00321388245,1.01156616211,0.00262451172,0.00970458984
949,8SS_QuillboarFog,xtextures\fx\density.blp,proceduralRiverDepthTex,XTextures\ocean\newoceanbump.blp,XTextures\foam\waterchop7bw.blp,,,8,0,0,0,0,0,0,0,0,0.5,0,4,10,-8623794,1,1,1,1,1,1,-6587289,0,0.00100000005,0.25,1,0.5,0.5,24,0.5,0.5,0.5,0.01999999955,0.01999999955,0.20000000298,0.10000000149,1,0.5,2.5,0,0,0,1250,0,0,-0.00321388245,1.01156616211,0.00262451172,0.00970458984
951,"8XP Azerite (THe Motherlode)",xtextures\azerite\azeritedeep.blp,xtextures\azerite\azeritecentercolor.blp,xtextures\azerite\azeriteblend.blp,xtextures\azerite\azerite_basenormal.blp,xtextures\azerite\azeritetranscolor.blp,xtextures\azerite\azeriteanim.%d.blp,104,2,0,269831,0,0,0,20,3316,4,2,4,18,-4745700,0,0,0,0,0,30,-8502784,0,0.36000001431,0.36000001431,2,20,45,0.00350000011,1,1,0.00499999989,5,1,0.40000000596,8,10,50,10,10,1,1,0,16737792,0,-0.00321388245,1.01156616211,0.00262451172,0.00970458984
952,"8KUL - Swamp Water - Brown Orange",xtextures\swamp\swampalgae_shallow01.blp,xtextures\swamp\swampalgae_mid01.blp,xtextures\swamp\swampalgae_deep01.blp,xtextures\swamp\swampalgae_shore01.blp,xtextures\river\fast_a.%d.blp,xtextures\fel\felanim_%d.blp,127,2,0,0,0,0,0,0,0,4,1,5,14,-14798026,0,0,0,0,16,30,-11774689,0,0.00300000003,0.00600000005,0.00999999978,0.01400000043,0.15000000596,500,0.07500000298,1,0.60000002384,0.30000001192,60,1,0.93000000715,0.10000000149,0.25,0.69999998808,2,0.10000000149,2,0,0,0,-0.00321388245,1.01156616211,0.00262451172,0.00970458984
1055,"8XP Slow Water Transparent",XTextures\river\lake_a.%d.blp,proceduralRiverDepthTex,XTextures\ocean\newoceanbump.blp,XTextures\foam\waterchop7bw.blp,,,15,0,1112,0,0,0,0,0,0,1,0,0,1,-1626169131,30,1,1,1,1,1,0,0,1,0,1,1,2.5,90,0.69999998808,0.30000001192,0.5,0.20000000298,0.05000000075,0.10000000149,0.10000000149,1,0.69999998808,2.5,0,0,0,1250,0,0,-0.00321388245,1.01156616211,0.00262451172,0.00970458984
1065,"8.1 Sea Priest Raid",XTextures\river\lake_a.%d.blp,proceduralRiverDepthTex,XTextures\ocean\newoceanbump.blp,,,,15,0,1112,0,0,0,0,0,0,1,0,0,1,-1626169131,30,1,1,1,1,1,0,0,1,0,1,1,2.5,90,0.5,0,0.5,0.20000000298,0.5,0,0.10000000149,1,0.20000000298,0.5,0.80000001192,0.20000000298,0,1250,0,1250,-0.00321388245,1.01156616211,0.00262451172,0.00970458984
1100,"Ocean (Scroll Speed 0.8)",XTextures\ocean\ocean_h.%d.blp,proceduralOceanDepthTex,XTextures\ocean\newoceanbump.blp,XTextures\foam\waterchop7bw.blp,,,1039,1,1114,0,30,0.5,0.5,0.25,0,1,0,0,1,-1626169131,30,1,1,1,1,1,0,0,1,0,1,1,2.5,32,0.69999998808,1,0.25,0.20000000298,0.69999998808,0.20000000298,0.10000000149,1,1,2,0.80000001192,0,1,1250,1,0,-0.00321388245,1.01156616211,0.00262451172,0.00970458984
1132,"8.2 Bioluminescent Water",xtextures\bioluminescent\bioluminescentwater_sparkle2.blp,xtextures\bioluminescent\bioluminescentwater_sparkle3.blp,xtextures\bioluminescent\bioluminescentwaterdiffuse.blp,xtextures\ocean\newoceanbump.blp,xtextures\bioluminescent\bioluminescentwater_sparkle.blp,,15,1,1112,0,30,0.5,0.5,0.25,0,1,0,0,12,-12081473,0,0,0,0,0,1,-15033629,-15318137,0.25,90,0.0120000001,0.5,10,0.01999999955,2,180,0.01999999955,0.05000000075,1,90,0.00800000038,0.30000001192,1.29999995232,1,1,10,0,0,0,0,-0.00321388245,1.01156616211,0.00262451172,0.00970458984
1133,"9CAS Fog Pool",xtextures\fx\density.blp,proceduralRiverDepthTex,XTextures\ocean\newoceanbump.blp,XTextures\foam\waterchop7bw.blp,,,8,0,0,0,0,0,0,0,0,0.10000000149,2,4,10,-1784587,1,1,1,1,1,1,-9794903,0,4e-05,0.25,1,1,0.20000000298,24,0.5,0.5,0.5,-0.15000000596,0.0700000003,0.20000000298,0.10000000149,1,0.5,2.5,0,0,0,1250,0,0,0.00079727173,-0.12326049805,3.38342285156,-2.24389648438
1135,"8.2 Purple Bioluminescent Water",xtextures\bioluminescent\bioluminescentwater_purple_sparkle2.blp,xtextures\bioluminescent\bioluminescentwater_purple_sparkle3.blp,xtextures\bioluminescent\bioluminescentwaterdiffuse_purple.blp,xtextures\ocean\newoceanbump.blp,xtextures\bioluminescent\bioluminescentwater_purple_sparkle.blp,,15,1,1112,0,30,0.5,0.5,0.25,0,1,0,0,12,-8571953,0,0,0,0,0,1,-9692445,-14346090,0.25,90,0.0120000001,0.5,10,0.01999999955,2,180,0.01999999955,0.05000000075,1,90,0.00800000038,0.30000001192,1.29999995232,1,1,10,0,0,0,0,-0.00321388245,1.01156616211,0.00262451172,0.00970458984
1136,"9.0 Bastion Soul River",xtextures\valkyrwater\valkyrwater_sparkle2.blp,xtextures\valkyrwater\valkyrwater_sparkle3.blp,xtextures\valkyrwater\valkyrwaterdiffuse.blp,xtextures\ocean\newoceanbump.blp,xtextures\valkyrwater\valkyrwater_sparkle.blp,,15,1,1112,317104,30,0.5,2,1,0,1,0,3,12,-11904664,0,0,0,0,0,1,-11259119,-15308979,0.25,90,0.0120000001,2,10,0.01999999955,2.5,180,0.00100000005,0.02999999933,1,90,0.00999999978,0.30000001192,3,1,1,10,0,0,0,0,-0.00321388245,1.01156616211,0.00262451172,0.00970458984
1138,"9.0 Bastion Soul River Plains",xtextures\valkyrwater\valkyrwater_sparkle2.blp,xtextures\valkyrwater\valkyrwater_sparkle3.blp,xtextures\valkyrwater\valkyrwaterdiffuse02.blp,xtextures\ocean\newoceanbump.blp,xtextures\valkyrwater\valkyrwater_sparkle.blp,,15,1,1112,317104,30,0.5,2,1,0,1,0,3,12,-11904664,0,0,0,0,0,1,-11259119,-15308979,0.25,90,0.0120000001,2,10,0.01999999955,2.5,180,0.00100000005,0.02999999933,1,90,0.00999999978,0.30000001192,3,1,1,10,0,0,0,0,-0.00321388245,1.01156616211,0.00262451172,0.00970458984
1140,"Black Ink",xtextures\river\lake_a.%d.blp,xtextures\fx\blobbybump.blp,XTextures\ocean\newoceanbump.blp,xtextures\river\fast_a.%d.blp,,,15,0,0,0,0,0,0,0,0,1,0,0,1,-13559794,30,0,0,16,1,1,0,0,1,0,1,1,4,0,1,0.30000001192,0.20000000298,0.20000000298,0.30000001192,0.20000000298,0.10000000149,1,1,2.5,0,0,0,1250,0,0,0.00591278076,0.99850463867,0.00347900391,0.01284790039
1141,Ink,XTextures\river\lake_a.%d.blp,proceduralRiverDepthTex,xtextures\ocean\newoceanbump.blp,xtextures\river\fast_a.%d.blp,,,15,0,1112,0,0,0,0,0,0,1,0,0,1,-14284020,30,1,0,16,1,1,0,0,1,0,1,1,4,0,1,0.30000001192,0.20000000298,0.20000000298,0.30000001192,0.20000000298,0.10000000149,1,1,2.5,0,0,0,1250,0,0,0.00591278076,0.99850463867,0.00347900391,0.01284790039
1142,"Ocean - No Particles",XTextures\ocean\ocean_h.%d.blp,proceduralOceanDepthTex,XTextures\ocean\newoceanbump.blp,XTextures\foam\waterchop7bw.blp,,,1031,1,1114,0,30,0.5,0.5,0.25,0,1,0,0,1,-1626169131,30,1,1,1,1,1,0,0,1,0,1,1,2.5,90,0.69999998808,1,0.25,0.20000000298,0.69999998808,0.20000000298,0.10000000149,1,1,2,0,0,1,1250,1,0,-0.00321388245,1.01156616211,0.00262451172,0.00970458984
1143,"9CAS - Aether Water",xtextures\swamp\swampblood_shallow01.blp,xtextures\swamp\swampalgae_deep01.blp,xtextures\swamp\swampalgae_deep01.blp,xtextures\swamp\swampblood_shore01.blp,xtextures\river\fast_a.%d.blp,xtextures\fel\felanim_%d.blp,127,2,0,0,0,0,0,0,3585,4,1,5,14,-16249842,0,0,0,0,16,30,-2035727,0,0.00300000003,0.00600000005,0.00999999978,0.01400000043,0.15000000596,500,0.07500000298,1,0.60000002384,0.30000001192,60,1,0.93000000715,0.10000000149,0.00999999978,0.69999998808,2,0.10000000149,2,0,0,0,0.00591278076,0.99850463867,0.00347900391,0.01284790039
1145,"8RAID Nzoth Magma",XTextures\lava\lava.%d.blp,xtextures\lavanzoth\magma0_nzoth.blp,xtextures\lavanzoth\magma1_nzoth.blp,xtextures\lavanzoth\magma2_nzoth.blp,,,120,2,3072,0,0,0,0,0,7,4,1,1,2,-3119104,30,0,0,0,1,1,0,0,0.01999999955,0,0.02500000037,0,0.94999998808,0.85000002384,0.75,0,0,0,1,0.05000000075,0,0,0,0,0,0,0,0,16737792,0,-0.00321388245,1.01156616211,0.00262451172,0.00970458984
1146,"9.0 Bastion Soul River Caves",xtextures\valkyrwater\valkyrwater_sparkle2.blp,xtextures\valkyrwater\valkyrwater_sparkle3.blp,xtextures\valkyrwater\valkyrwaterdiffuse03.blp,xtextures\ocean\newoceanbump.blp,xtextures\valkyrwater\valkyrwater_sparkle.blp,,15,1,1112,317104,30,0.5,2,1,0,1,0,3,12,-11904664,0,0,0,0,0,1,-11259119,-15308979,0.25,90,0.0120000001,2,10,0.01999999955,2.5,180,0.00100000005,0.02999999933,1,90,0.00999999978,0.30000001192,1,1,1,10,0,0,0,0,-0.00321388245,1.01156616211,0.00262451172,0.00970458984
1147,"9ARD_Drust Fog",xtextures\fx\density.blp,proceduralRiverDepthTex,XTextures\ocean\newoceanbump.blp,XTextures\foam\waterchop7bw.blp,,,8,0,0,0,0,0,0,0,0,1,0,0,10,-3483693,1,1,1,1,1,1,-9156261,0,0.0001,0.07999999821,1,0.5,0.10000000149,90,0.5,0.5,0.5,0.01999999955,0.01999999955,0.20000000298,0.10000000149,1,0.5,2.5,0,0,0,1250,0,0,-0.00321388245,1.01156616211,0.00262451172,0.00970458984
1148,"9MAW Fog Pool",xtextures\fx\density.blp,proceduralRiverDepthTex,XTextures\ocean\newoceanbump.blp,XTextures\foam\waterchop7bw.blp,,,8,0,0,0,0,0,0,0,0,0.10000000149,2,4,10,-1784587,1,1,1,1,1,1,-10315623,0,4e-05,0.15000000596,1,0.20000000298,0.5,215,0.5,0.5,0.5,-0.15000000596,0.0700000003,0.20000000298,0.10000000149,1,0.5,2.5,0,0,0,1250,0,0,0.00065994263,-0.14147949219,3.37847900391,-2.25512695313
1149,"Toxic Slime - Deep",xtextures\plagueslimetoxic\plagueslimetoxicdeep.blp,xtextures\plagueslimetoxic\plagueslimetoxicshallow.blp,xtextures\plagueslimetoxic\plagueslimetoxicspecular.blp,xtextures\plagueslime\plagueslimeshore.blp,xtextures\plagueslimetoxic\plagueslimetoxicemissive.blp,xtextures\plagueslime\plagueslimeanim_%d.blp,104,2,3052,330100,0,0,0,0,6,4,2,4,13,-14233600,0,0,0,0,0,30,0,0,0.15000000596,0,-0.00499999989,1,0,-0.00499999989,0.5,0,0.00499999989,0.40000000596,0.01499999966,0.30000001192,5,0,4,2,1,3,100,1,50,25,0.00065231323,-0.13928222656,3.32427978516,-2.21890258789
1155,"Green Liquid Fog",xtextures\fx\density.blp,proceduralRiverDepthTex,XTextures\ocean\newoceanbump.blp,XTextures\foam\waterchop7bw.blp,,,8,0,0,0,0,0,0,0,0,1,0,0,10,-11877578,1,1,1,1,1,1,-10682624,0,0.0001,0.5,1,0.5,0.10000000149,90,0.5,0.5,0.5,0.01999999955,0.01999999955,0.20000000298,0.10000000149,1,0.5,2.5,0,0,0,1250,0,0,-0.00321388245,1.01156616211,0.00262451172,0.00970458984
1156,"Red Liquid Fog",xtextures\fx\density.blp,proceduralRiverDepthTex,XTextures\ocean\newoceanbump.blp,XTextures\foam\waterchop7bw.blp,,,8,0,0,0,0,0,0,0,0,1,0,0,10,-12572637,1,1,1,1,1,1,-12639201,0,0.0001,0.40000000596,1,0.5,0.10000000149,90,0.5,0.5,0.5,0.01999999955,0.01999999955,0.20000000298,0.10000000149,1,0.5,2.5,0,0,0,1250,0,0,-0.00321388245,1.01156616211,0.00262451172,0.00970458984
1157,"8SWA Tar Pits",xtextures\fel\feldeeptar02.blp,xtextures\fel\felshallowtar02.blp,xtextures\fel\felspecular.blp,xtextures\fel\felshoredark.blp,xtextures\fel\felemissivetar.blp,xtextures\fel\felanim_%d.blp,126,2,101093,0,0,0,0,0,3478,3,1,0,13,-15921386,0,0,0,0,0,30,0,0,0.5,90,-0.05000000075,0.25,0,0.05000000075,0.5,90,0.01499999966,0.5,0.25,0.5,1.25,0.20000000298,1,2,1,0.5,0,0,0,0,-0.00321388245,1.01156616211,0.00262451172,0.00970458984
1158,"Friendly Slime - Shallow",xtextures\plagueslimetoxic\plagueslimetoxicdeep.blp,xtextures\plagueslimetoxic\plagueslimetoxicshallow.blp,xtextures\plagueslimetoxic\plagueslimetoxicspecular.blp,xtextures\plagueslime\plagueslimeshorelowcontrast.blp,xtextures\plagueslimetoxic\plagueslimetoxicemissive.blp,xtextures\plagueslime\plagueslimeanim_%d.blp,106,3,3880,0,0,0,0,0,5085,4,2,4,13,-14233600,0,0,0,0,0,30,0,0,0.34999999404,0,-0.02500000037,1.5,0,-0.01499999966,0.25,0,0.00499999989,1,0,0.30000001192,5,0,8,50,0.10000000149,1,0,1,0,0,0.00395584106,0.66746520996,0.00231933594,0.00860595703
1159,"Friendly Slime - Medium",xtextures\plagueslimetoxic\plagueslimetoxicshallow.blp,xtextures\plagueslimetoxic\plagueslimetoxicdeep.blp,xtextures\plagueslimetoxic\plagueslimetoxicspecular.blp,xtextures\plagueslimetoxic\plagueslimetoxicshallow.blp,xtextures\plagueslimetoxic\plagueslimetoxicemissive.blp,xtextures\plagueslime\plagueslimeanim_%d.blp,104,2,3880,0,0,0,0,0,5085,4,2,4,13,-14233600,0,0,0,0,0,30,0,0,0.34999999404,0,-0.02500000037,1.5,0,-0.01499999966,0.25,0,0.00499999989,1,0,0.30000001192,5,0,8,50,0.10000000149,1,5,1,0,0,0.00591278076,0.99850463867,0.00347900391,0.01284790039
1160,"Toxic Slime - Medium",xtextures\plagueslimetoxic\plagueslimetoxicdeep.blp,xtextures\plagueslimetoxic\plagueslimetoxicshallow.blp,xtextures\plagueslimetoxic\plagueslimetoxicspecular.blp,xtextures\plagueslime\plagueslimeshore.blp,xtextures\plagueslimetoxic\plagueslimetoxicemissive.blp,xtextures\plagueslime\plagueslimeanim_%d.blp,104,2,3052,330065,0,0,0,0,5085,4,2,4,13,-14233600,0,0,0,0,0,30,0,0,0.15000000596,0,-0.00499999989,1,0,-0.00499999989,0.5,0,0.00499999989,0.40000000596,0.01499999966,0.30000001192,5,0,8,2,1,5,50,1,50,25,0.00581169128,0.98254394531,0.00323486328,0.01284790039
1161,"Toxic Slime - Shallow",xtextures\plagueslimetoxic\plagueslimetoxicdeep.blp,xtextures\plagueslimetoxic\plagueslimetoxicshallow.blp,xtextures\plagueslimetoxic\plagueslimetoxicspecular.blp,xtextures\plagueslime\plagueslimeshorelowcontrast.blp,xtextures\plagueslimetoxic\plagueslimetoxicemissive.blp,xtextures\plagueslime\plagueslimeanim_%d.blp,106,2,3880,330065,0,0,0,0,5085,4,2,4,13,-16585138,0,0,0,0,0,30,0,0,0.15000000596,0,-0.00499999989,1,0,-0.00499999989,0.5,0,0.00499999989,0.40000000596,0.01499999966,0.30000001192,5,0,8,2,1,5,0,1,50,25,0.00588798523,0.9931640625,0.00354003906,0.01275634766
1162,"9.0 Arden Bioluminescent Water",xtextures\bioluminescent\bioluminescentwater_arden_sparkle2.blp,xtextures\bioluminescent\bioluminescentwater_arden_sparkle3.blp,xtextures\bioluminescent\bioluminescentwaterdiffuse_arden.blp,xtextures\ocean\newoceanbump.blp,xtextures\bioluminescent\bioluminescentwater_arden_sparkle.blp,,15,1,1112,0,30,0.5,0.5,0.25,0,1,0,0,12,-12740912,0,0,0,0,0,1,-14001692,-15318137,0.25,90,0.0120000001,1,180,0.01999999955,2,180,0.01999999955,0.05000000075,1,90,0.00800000038,0.30000001192,1.29999995232,0.5,0.80000001192,10,0,0,0,0,-0.00321388245,1.01156616211,0.00262451172,0.00970458984
1163,"9.0 Arden Fae Water",xtextures\ley\leydetail01_arden.blp,xtextures\ley\leydetail02_arden.blp,xtextures\ley\leydiffuse_arden.blp,xtextures\ocean\newoceanbump.blp,xtextures\bioluminescent\bioluminescentwater_arden_sparkle.blp,,15,1,1112,0,30,0.5,0.5,0.25,0,1,2,3,12,-13732157,0,0,0,0,0,1,-11098148,-9533233,1,90,-0.01999999955,0.07999999821,10,-0.03999999911,0.30000001192,180,0.02500000037,0.10000000149,0.40000000596,90,0.01999999955,1,1.39999997616,1.5,1,10,0,0,0,0,-0.00321388245,1.01156616211,0.00262451172,0.00970458984
1164,"Orange Liquid Fog",xtextures\fx\density.blp,proceduralRiverDepthTex,XTextures\ocean\newoceanbump.blp,XTextures\foam\waterchop7bw.blp,,,8,0,0,0,0,0,0,0,0,1,0,0,10,-1865940,1,1,1,1,1,1,-1798630,0,0.0001,0.5,1,0.5,0.10000000149,90,0.5,0.5,0.5,0.01999999955,0.01999999955,0.20000000298,0.10000000149,1,0.5,2.5,0,0,0,1250,0,0,-0.00321388245,1.01156616211,0.00262451172,0.00970458984
1165,"Purple Liquid Fog",xtextures\fx\density.blp,proceduralRiverDepthTex,XTextures\ocean\newoceanbump.blp,XTextures\foam\waterchop7bw.blp,,,8,0,0,0,0,0,0,0,0,1,0,0,10,-8049437,1,1,1,1,1,1,-9233692,0,0.0001,0.5,1,0.5,0.10000000149,90,0.5,0.5,0.5,0.01999999955,0.01999999955,0.20000000298,0.10000000149,1,0.5,2.5,0,0,0,1250,0,0,-0.00321388245,1.01156616211,0.00262451172,0.00970458984
1170,"9MAL - Dark Water",xtextures\river\lake_a.%d.blp,xtextures\swamp\swampalgae_deep01.blp,xtextures\swamp\swampalgae_deep01.blp,xtextures\foam\waterchop7bw.blp,xtextures\river\fast_a.%d.blp,xtextures\fel\felanim_%d.blp,15,0,0,0,0,0,0,0,0,1,0,0,14,-11394288,30,0,0,0,16,30,-10210720,0,1,0,1,1,0.5,0,1,0.30000001192,0.20000000298,0.20000000298,0.30000001192,0.20000000298,0.10000000149,1,1,2.5,0,1,0,1250,0,0,-0.00321388245,1.01156616211,0.00262451172,0.00970458984
1174,"FX - Generic - Lava - Solid - Exterior",xtextures\plagueslimetoxic\plagueslimetoxicshallow.blp,xtextures\plagueslimetoxic\plagueslimetoxicdeep.blp,xtextures\plagueslimetoxic\plagueslimetoxicspecular.blp,xtextures\plagueslime\plagueslimeshore.blp,xtextures\plagueslimetoxic\plagueslimetoxicemissive.blp,xtextures\azerite\azeriteanim.%d.blp,123,2,3052,0,0,0,0,0,2519,4,2,4,13,-50688,0,0,0,0,0,30,0,0,0.20000000298,-0.10000000149,0.00999999978,0.07999999821,1,-0.00600000005,0.05999999866,0.10000000149,0.00100000005,0.10000000149,0.00999999978,0.5,8,1,10,4,0.5,25,90,1,50,25,0.05002212524,-0.98254394531,4.93737792969,-3.05523681641
1177,"FX - Generic - Lava - Molten",xtextures\plagueslimetoxic\plagueslimetoxicshallow.blp,xtextures\plagueslimetoxic\plagueslimetoxicdeep.blp,xtextures\plagueslimetoxic\plagueslimetoxicspecular.blp,xtextures\plagueslimetoxic\plagueslimetoxicshore.blp,xtextures\plagueslimetoxic\plagueslimetoxicemissive.blp,xtextures\azerite\azeriteanim.%d.blp,123,2,3052,0,0,0,0,0,2519,4,2,4,13,-50688,0,0,0,0,0,30,0,0,0.20000000298,-0.10000000149,0.00999999978,0.07999999821,1,-0.00600000005,0.05999999866,0.10000000149,0.00100000005,0.10000000149,0.00999999978,0.5,8,1,10,4,1,25,50,1,50,25,0.00065231323,-0.13928222656,3.32427978516,-2.21890258789
1178,"FX - Generic - Lava - Solid - Interior",xtextures\plagueslimetoxic\plagueslimetoxicshallow.blp,xtextures\plagueslimetoxic\plagueslimetoxicdeep.blp,xtextures\plagueslimetoxic\plagueslimetoxicspecular.blp,xtextures\plagueslimetoxic\plagueslimetoxicshore.blp,xtextures\plagueslimetoxic\plagueslimetoxicemissive.blp,xtextures\azerite\azeriteanim.%d.blp,123,2,3052,0,0,0,0,0,2519,4,2,4,13,-50688,0,0,0,0,0,30,0,0,0.20000000298,-0.10000000149,0.00999999978,0.07999999821,1,-0.00600000005,0.05999999866,0.10000000149,0.00100000005,0.10000000149,0.00999999978,0.5,8,1,10,5,1,25,50,1,50,20,0.00065231323,-0.13928222656,3.32427978516,-2.21890258789
1188,"9.2 Progenitor Water",xtextures\progenitor\progenitorwater_sparkle02.blp,xtextures\progenitor\progenitorwater_sparkle03.blp,xtextures\progenitor\progenitorwaterdiffuse.blp,xtextures\ocean\newoceanbump.blp,xtextures\progenitor\progenitorwater_sparkle01.blp,,15,1,1112,0,30,0.5,0.5,0.25,0,1,0,0,12,-12085038,0,0,0,0,0,1,-8527873,-15304569,0.00999999978,90,0.0120000001,1,145,0.03999999911,0.69999998808,145,0.00999999978,0.05000000075,1,180,0.00800000038,0.30000001192,2,0.5,1.5,4,0,0,0,0,0.00591278076,0.99850463867,0.00347900391,0.01284790039
1190,"9PRG Raid Fog",xtextures\fx\density.blp,proceduralRiverDepthTex,XTextures\ocean\newoceanbump.blp,XTextures\foam\waterchop7bw.blp,,,8,0,0,0,0,0,0,0,0,1,0,0,10,-9205630,1,1,1,1,1,1,-11241877,0,0.00100000005,0.05000000075,1,0.5,0.10000000149,90,0.5,0.5,0.5,0.01999999955,0.01999999955,0.20000000298,0.10000000149,1,0.5,2.5,0,0,0,1250,0,0,0.00591278076,0.99850463867,0.00347900391,0.01284790039
936,"FelShallow - Tanaan Jungle Specific",xtextures\fel\feldeep.blp,xtextures\fel\felshallow.blp,xtextures\fel\felspecular.blp,xtextures\fel\felshore.blp,xtextures\fel\felemissive.blp,xtextures\fel\felanim_%d.blp,122,2,3052,188517,0,0,0,0,6,4,1,1,13,-14167551,0,0,0,0,0,30,0,0,0.5,90,-0.05000000075,0.5,0,0.05000000075,0.5,90,0.01499999966,0.5,0.25,0.5,1.25,1,2.5,2,0.75,0.5,0,0,0,0,-0.00375556946,0.99984741211,-0.01806640625,0.00946044922
1172,"FelDeep - Generic",xtextures\fel\feldeep.blp,xtextures\fel\felshallow.blp,xtextures\fel\felspecular.blp,xtextures\fel\felshore.blp,xtextures\fel\felemissive.blp,xtextures\fel\felanim_%d.blp,104,2,3052,0,0,0,0,20,6,4,2,4,13,-14233600,0,0,0,0,0,30,0,0,0.25,0,-0.05000000075,0.5,0,0.01999999955,0.55000001192,90,0.00999999978,0.25,0.20000000298,1,2,0.25,1,1.5,0.75,0.75,1,0,0,0,0.04053497314,-0.74075317383,4.00073242188,-2.28305053711
